{"name":"Tys-zh-translation","tagline":"A Chinese translation of the famous Scheme tutorial: \"teach-yourself-scheme-in-fixnum-days\"","body":"### TYS-zh-translation\r\n==================\r\n\r\nA Chinese translation of \"teach-yourself-scheme-in-fixnum-days\"\r\n\r\n看到网上貌似有类似的东西，不过没有找到。。。。所以自己翻译了一份，水平有限，大家多多包涵。（其实这是我本科毕设的翻译～）\r\n","google":"","note":"Don't delete this file! It's used internally to help with page regeneration."}